id,fecha,temaPrincipal,tipo_evento,subtema,titulo,descripcion,actoresClave,ambito,fuente,conexiones,color,driveLink
N-1,1991-03-06,Gobernabilidad y Autonomía,Norma,Normatividad,Ley 21 de 1991 (Convenio 169 de la OIT),"Aprueba el Convenio 169 de la OIT sobre pueblos indígenas y tribales, incorporándolo al ordenamiento interno. Integra estándares internacionales como la consulta previa y la protección de tierras indígenas al bloque de constitucionalidad colombiano.",Congreso de la República,Colombia,Ley 21 de 1991,N-2,#004F9E,https://drive.google.com/file/d/1Y_nb71VukopGI_Q0ZfIeHMRcHKBb3kcD/view?usp=drive_link
N-2,1991-07-04,Gobernabilidad y Autonomía,Norma,Normatividad,Constitución Política de Colombia de 1991,"Establece a Colombia como un Estado pluriétnico y multicultural, reconociendo la autonomía de los pueblos indígenas, su jurisdicción especial y la propiedad colectiva de sus tierras.",Asamblea Nacional Constituyente,Colombia,Constitución Política de Colombia de 1991,C-1;N-1;N-3,#004F9E,https://drive.google.com/file/d/1bwIFZcEUNbKXlBeki-mUmm6Obt8VIIOE/view?usp=drive_link
C-1,1991-07-04,Gobernabilidad y Autonomía,Comunicación,Comunicación,Promulgación de la Constitución Política de 1991,"La nueva Constitución de Colombia reconoce al país como nación pluriétnica y multicultural, garantizando derechos colectivos a los pueblos indígenas (idioma, autonomía territorial, justicia propia, consulta previa), marcando un cambio histórico en su representación legal.","Asamblea Nacional Constituyente, Medios de comunicación",Colombia,Diversos medios de prensa. (1991). Cobertura de la promulgación de la Constitución.,N-2,#004F9E,
C-2,1992-10-12,Derechos Humanos y Paz,Minga Indígena,Comunicación,500 años de Resistencia Indígena,Movilizaciones y pronunciamientos indígenas en Colombia y toda América rechazan la celebración oficial del 'Encuentro de Dos Mundos'. En medios se visibiliza la consigna de '500 años de resistencia' para reivindicar la memoria y denunciar la colonización.,"Organizaciones indígenas, Movimientos sociales",Latinoamérica,Cobertura mediática de protestas. (1992).,,#E7333F,
N-3,1993-12-22,Territorio y Ambiente,Norma,Normatividad,Ley 99 de 1993 (Ley General Ambiental),Crea el Ministerio del Medio Ambiente y regula la gestión ambiental; su Artículo 76 exige la consulta previa a comunidades indígenas y negras antes de autorizar proyectos de explotación de recursos naturales en sus territorios.,Congreso de la República,Colombia,Ley 99 de 1993,N-2,#4CA22E,https://drive.google.com/file/d/1ZT1t7_i2ZFHYZfG1OncY-rBcadtvkoNa/view?usp=drive_link
N-4,1994-08-03,Territorio y Ambiente,Norma,Normatividad,Ley 160 de 1994 (Sistema Nacional de Reforma Agraria),"Establece el sistema de reforma agraria; el Capítulo XIV encomienda al Estado estudiar, titular y ampliar resguardos indígenas, dotando de tierras a comunidades sin título y saneando territorios ocupados por terceros.",Congreso de la República,Colombia,Ley 160 de 1994,N-5,#4CA22E,https://drive.google.com/file/d/1XasMJUGRBXGbAtMMP_X6oS8cOOIQih6p/view?usp=drive_link
N-5,1995-12-07,Territorio y Ambiente,Norma,Normatividad,Decreto 2164 de 1995 (Reglamentación de resguardos),"Reglamenta parcialmente la Ley 160/94 en materia de dotación y titulación de tierras a comunidades indígenas para constituir, reestructurar, ampliar y sanear resguardos.",Presidencia de la República,Colombia,Decreto 2164 de 1995,N-4,#4CA22E,https://drive.google.com/file/d/1tXPezX8Oi-svX7dFNTFLd01Me2Lz2wW3/view?usp=drive_link
C-3,1996-07-05,Movilización,Minga Indígena,Revindicación,Toma de la sede de la Conferencia Episcopal en Bogotá,"Unos 3.000 indígenas ocuparon pacíficamente durante 43 días la sede de la Conferencia Episcopal de Colombia, exigiendo cumplimiento de derechos territoriales y el fin de la violencia. La protesta obtuvo amplia cobertura nacional.",ONIC y Movimiento Indígena Colombiano ,Colombia,Noticia de prensa. (1996).,N-6;C-4,#E7333F,
N-6,1996-08-08,Gobernabilidad y Autonomía,Acuerdo Político,Normatividad,Decreto 1397 de 1996 (Creación de la CNTI y MPC),"Crea la Comisión Nacional de Territorios Indígenas (CNTI) y la Mesa Permanente de Concertación (MPC) con Pueblos Indígenas, para la concertación de políticas y la coordinación Estado-pueblos indígenas.",Presidencia de la República,Colombia,Decreto 1397 de 1996,C-3;C-4,#004F9E,https://drive.google.com/file/d/11MvKCwI33qNjyy_m9zcS7sBvCEakCet6/view?usp=drive_link
C-4,1996-08-08,Gobernabilidad y Autonomía,Comunicación,Comunicación,Creación de la Mesa Permanente de Concertación,"Tras la protesta de 1996, el Gobierno crea por decreto la Mesa Permanente de Concertación entre organizaciones indígenas y el Estado. Este espacio institucionalizado de diálogo es difundido como un avance en la relación Estado-pueblos indígenas.","Gobierno de Colombia, Organizaciones Indígenas",Colombia,Decreto 1397 de 1996.,C-3;N-6,#004F9E,https://drive.google.com/file/d/11MvKCwI33qNjyy_m9zcS7sBvCEakCet6/view?usp=drive_link
N-12,1996-08-08,Gobernabilidad y Autonomía,Acuerdo Político,Normatividad,Decreto 1396 de 1996,"El Decreto 1396 de 1996 crea la Comisión de Derechos Humanos de los Pueblos Indígenas, adscrita al Ministerio del Interior, con el objetivo de proteger y promover los derechos humanos de los pueblos indígenas en Colombia. Esta Comisión está integrada por representantes del Gobierno, órganos de control, organizaciones indígenas y senadores y exconstituyentes indígenas. Entre sus funciones destacan la prevención y atención de violaciones a los derechos humanos, el diseño de programas especiales para víctimas indígenas y el seguimiento a investigaciones penales y disciplinarias. Además, se establece un mecanismo de seguimiento internacional con participación de la OIT, la CIDH y la Conferencia Episcopal, y se crea una Secretaría Operativa para apoyar su funcionamiento. Las decisiones de la Comisión deben tomarse por consenso y son vinculantes para las entidades estatales participantes.",Ministerio del Interior-MPC ,Colombia,Decreto 1396 de 1996,,#004F9E,https://drive.google.com/file/d/1LzI1GFJmdqkqaP3LxX84qCJxSceB68QL/view?usp=drive_link
N-7,1997-02-06,Territorio y Ambiente,Jurisprudencia,Normatividad,Sentencia SU-039/97 (Caso U’wa - Consulta Previa),"La Corte falló a favor del pueblo U’wa, reconociendo que se vulneró su derecho fundamental a la consulta previa ante un proyecto petrolero y ordenando realizar la consulta antes de continuar con la explotación.",Corte Constitucional,Colombia,Sentencia SU-039 de 1997,C-5,#4CA22E,https://drive.google.com/file/d/1m6dzeS9t7f7KRQbn8Xq5ZdbAPaBrc3LH/view?usp=drive_link
C-5,1997-05-20,Territorio y Ambiente,Comunicación,Comunicación,Caso U'wa: Internacionalización de la lucha contra OXY,La Nación U'wa lleva su batalla contra la petrolera Occidental al plano internacional: en 1997 presenta denuncia ante la CIDH y líderes U'wa realizan giras globales. La amenaza colectiva de suicidio para proteger su tierra obtiene amplio eco mediático mundial.,"Nación U'wa, CIDH, Occidental Petroleum",Global,Artículo de prensa internacional. (1997).,N-7;C-12;N-22,#4CA22E,
N-8,1993-06-10,Gobernabilidad y Autonomía,Norma,Normatividad,Decreto 1088 de 1993,"El Decreto 1088 de 1993 regula la creación de asociaciones de Cabildos y/o Autoridades Tradicionales Indígenas en Colombia, otorgándoles personería jurídica, autonomía administrativa y patrimonio propio. Estas asociaciones, de carácter público especial, tienen como objetivo el desarrollo integral de las comunidades indígenas mediante actividades económicas, sociales y culturales, sin comprometer la autonomía de sus miembros.",Presidencia de la República,Colombia,Decreto 1088 de 1993,,#004F9E,https://drive.google.com/file/d/1ww7G_IJ3CTNV7ypZUYrvn0KXGD6vZgXp/view?usp=drive_link
N-9,2002-10-24,Gobernabilidad y Autonomía,Jurisprudencia,Normatividad,Sentencia C-891/02 (Consulta en Código de Minas),"Al resolver una demanda contra el Código de Minas (Ley 685/2001), la Corte afirmó la obligación de consulta previa en la expedición de leyes que afecten directamente a comunidades indígenas, considerando viciada la ley por falta de consulta.",Corte Constitucional,Colombia,Sentencia C-891 de 2002,,#004F9E,https://drive.google.com/file/d/1pssibZZoeYGDdiioTElDMmDjrsYv-ala/view?usp=drive_link
M-1,2007-12-15,Gobernabilidad y Autonomía,Mandato ONIC,Gobierno Propio,VII Congreso Nacional de Pueblos Indígenas (ONIC),Decisión histórica de transformar la ONIC en Autoridad Nacional de Gobierno Indígena. Mandato General Art.20-21 rompe con figura de ONG gremial y adopta un modelo de gobierno autónomo propio.,ONIC,Interno,ONIC. (2007). Mandato General - VII Congreso Nacional de Pueblos Indígenas.,M-6,#004F9E,https://drive.google.com/file/d/1M-_4abjQf5jvaZti3RTMidtjQfPOIJSC/view?usp=drive_link
N-10,2008-01-29,Territorio y Ambiente,Jurisprudencia,Normatividad,Sentencia C-030/08 (Ley Forestal Inexequible),"Declara inexequible la Ley 1021 de 2006 (Ley General Forestal) por haberse expedido sin consulta previa a comunidades indígenas y afrodescendientes, dado que dicha ley afectaba sus derechos territoriales.",Corte Constitucional,Colombia,Sentencia C-030 de 2008,,#4CA22E,https://drive.google.com/file/d/1YjIUKG9SxL6ZLE185lgRl5CTxlUqR4gX/view?usp=drive_link
C-6,2008-10-12,Movilización,Minga Indígena,Revindicación,Minga Indígena Nacional (Protestas masivas de 2008),"Más de 10.000 indígenas marchan desde el Cauca hasta Cali en 2008, exigiendo territorio, cumplimiento de acuerdos y fin de la violencia. La 'Minga de Resistencia' recibe gran cobertura mediática nacional.",ONIC y Movimiento Indígena Colombiano ,Colombia,Artículo de prensa / Cobertura TV. (2008).,,#E7333F,
N-11,2009-01-26,Derechos Humanos y Paz,Jurisprudencia,Normatividad,Auto 004 de 2009 (Pueblos en Riesgo de Extinción),"En el marco del estado de cosas inconstitucional por desplazamiento (Sentencia T-025/04), se identifican 34 pueblos indígenas en alto riesgo de exterminio físico y cultural por el conflicto armado.",Corte Constitucional,Colombia,Auto 004 de 2009,C-7;C-11;N-14,#E7333F,https://drive.google.com/file/d/1kdSnhEGvmLA3yAEYsAYDRd1Io42MD0Pn/view?usp=drive_link
C-7,2009-01-26,Derechos Humanos y Paz,Comunicación,Comunicación,Corte Constitucional alerta sobre riesgo de exterminio indígena,La Corte Constitucional emite el Auto 004/2009 identificando 34 pueblos indígenas en peligro de extinción física y cultural por el conflicto armado. Los medios amplifican la alarma.,"Corte Constitucional, Medios de comunicación",Colombia,Noticia de prensa / Informe judicial. (2009).,N-11;C-11,#E7333F,
N-14,2011-12-09,Derechos Humanos y Paz,Norma,Normatividad,Decreto Ley 4633 de 2011 (Víctimas Indígenas),"Establece medidas de asistencia, atención, reparación integral y restitución de derechos territoriales para las comunidades indígenas víctimas del conflicto armado, reconociendo al 'territorio' como víctima colectiva.",Presidencia de la República,Colombia,Decreto Ley 4633 de 2011,N-11,#E7333F,https://drive.google.com/file/d/1x5jGi_bjkDd7GN-3w70INtQOxBgQGdl5/view?usp=drive_link
M-6,2012-08-15,Gobernabilidad y Autonomía,Mandato ONIC,Gobierno Propio,VIII Congreso Nacional de Pueblos Indígenas (2012),El VIII Congreso ratifica y profundiza la transformación institucional. Declara a la ONIC como 'entidad autónoma pública de carácter especial en el Estado Social de Derecho'.,ONIC,Interno,ONIC. (2012). Mandatos del VIII Congreso Nacional de Pueblos Indígenas.,M-1,#004F9E,https://drive.google.com/file/d/1M-_4abjQf5jvaZti3RTMidtjQfPOIJSC/view?usp=drive_link
C-8,2013-09-14,Movilización,Minga Indígena,Revindicación,"Minga social, indigena y popular por la vida, el territorio, la autonomía y la soberanía","En octubre de 2013, durante la Minga Social Indígena y Popular realizada en el Resguardo La María (Piendamó, Cauca), los Pueblos Indígenas y el Gobierno Nacional alcanzaron una serie de acuerdos fundamentales en torno a la vida, el territorio, la autonomía y la soberanía. Entre los principales compromisos se destaca la protección jurídica de los territorios ancestrales, la destinación de recursos para la compra de tierras indígenas, la concertación de un decreto para garantizar la autonomía política, jurídica y administrativa de los Territorios Indígenas, y la formulación de políticas públicas diferenciales en materia de comunicaciones, derechos humanos, salud, educación y protección de conocimientos ancestrales. Se acordó además crear una comisión de seguimiento conformada por delegados de la Minga ONIC y del Gobierno Nacional, con acompañamiento de organismos garantes como la Defensoría del Pueblo y la ONU, para asegurar el cumplimiento integral de los compromisos asumidos
.",ONIC y Movimiento Indígena Colombiano ,Colombia,Noticia de prensa (Acta de acuerdos 19 al 23 de octubre de 2013) ,,#E7333F,https://drive.google.com/file/d/1UuA9M4_u4WxbyRbAwv-lQAFa6rFC2BFr/view?usp=drive_link
N-15,2014-11-19,Territorio y Ambiente,Norma,Normatividad,Decreto 2333 del 2014 (Protección y seguridad juridica de territorios ancestrales) ,"Decreto por el cual por el cual se establecen los mecanismos para la efectiva protección y seguridad jurídica de las tierras y territorios ocupados o poseídos ancestralmente y/o tradicionalmente por los pueblos indígenas acorde con lo dispuesto en los artículos 13 y 14 del Convenio número 169 de la OIT, y se adicionan los artículos 13, 16 y 19 del Decreto número 2664 de 1994.",Presidencia de la República,Colombia,DECRETO 2333 DE 2014,,#4CA22E,https://drive.google.com/file/d/1qFZq4upTdkYfd5RZcWJ-EVtwJH87Xvbd/view?usp=drive_link
N-16,2014-10-07,Gobernabilidad y Autonomía,Norma,Normatividad,Decreto 1953 de 2014,"El Decreto 1953 de 2014 crea un régimen especial transitorio para poner en funcionamiento los Territorios Indígenas en Colombia, en tanto el Congreso expide la ley prevista en el artículo 329 de la Constitución Política. Este decreto reconoce a los Territorios Indígenas como entidades político-administrativas especiales, habilitándolos para administrar directamente competencias en salud, educación, agua potable, saneamiento básico y otros aspectos esenciales del desarrollo comunitario, conforme a sus sistemas propios, planes de vida y derecho mayor. Además, establece los mecanismos para la financiación, control y monitoreo de recursos del Sistema General de Participaciones, promueve la implementación del Sistema Educativo Indígena Propio (SEIP), del Sistema Indígena de Salud Propio Intercultural (SISPI), y fortalece la Jurisdicción Especial Indígena, consolidando así el ejercicio de la autonomía y el gobierno propio en el marco del respeto a la diversidad étnica y cultural del país.",Presidencia de la República,Colombia,Decreto 1953 de 2014 ,,#004F9E,https://drive.google.com/file/d/1O234qgrGjJ-Tesk9IagJJsSNHg80DBdv/view?usp=drive_link
C-9,2015-11-11,Movilización,Minga Indígena,Revindicación,"Minga Social y Comunitaria por la Defensa de la Vida, el Derecho a la Protesta Social y la Jurisdicción Especial Indígena - JEI","La Minga Indígena de la ONIC en 2015 fue una movilización nacional convocada por los pueblos indígenas de Colombia, liderada por la Organización Nacional Indígena de Colombia (ONIC), en defensa de la vida, los territorios, la autonomía y la soberanía. Esta acción colectiva surgió como respuesta a la agudización de la violencia, las graves violaciones a los derechos humanos, el asesinato de líderes sociales, el desplazamiento forzado y la creciente contaminación de los territorios ancestrales, así como al reiterado incumplimiento de los acuerdos pactados previamente con el Gobierno Nacional en años anteriores, como los alcanzados en 2013 y 2014. La Minga tuvo como propósito visibilizar esta crisis, exigir soluciones reales mediante el diálogo y la concertación, y reivindicar derechos fundamentales. Entre sus demandas centrales se encontraban la asignación y titulación de tierras, la implementación de un sistema de salud intercultural, mejoras en la calidad y pertinencia de la educación, recursos para el desarrollo comunitario, la protección integral de los líderes indígenas y el respeto a la jurisdicción especial indígena. Además, buscaba fortalecer la unidad del movimiento indígena y consolidar alianzas con otros sectores sociales para avanzar hacia un país más justo, equitativo e incluyente.",ONIC y Movimiento Indígena Colombiano ,Colombia,Noticia de prensa,,#E7333F,
M-13,2016-08-24,Derechos Humanos y Paz,Acuerdo Político,Paz y Derechos,Inclusión del Capítulo Étnico en el Acuerdo Final de Paz (2016),El Acuerdo Final de Paz Gobierno–FARC incorpora un Capítulo Étnico específico. Este capítulo reconoce la desproporcional afectación del conflicto y garantiza derechos en la implementación de la paz.,"Gobierno de Colombia, FARC-EP, ONIC, CONPI, AISO",Externo,Gobierno de Colombia & FARC-EP. (2016). “Acuerdo Final para la Terminación del Conflicto…” (Capítulo Étnico).,M-8,#E7333F,https://www.onic.org.co/comunicados-onic/1414-capitulo-etnico-incluido-en-el-acuerdo-final-de-paz-entre-el-gobierno-nacional-y-las-farc
N-17,2018-11-04,Territorio y Ambiente,Norma,Normatividad,Decreto 632 de 2018,"El Decreto 632 de 2018 establece las normas fiscales y administrativas necesarias para poner en funcionamiento los territorios indígenas ubicados en áreas no municipalizadas de los departamentos de Amazonas, Guainía y Vaupés. Reconoce a estos territorios como organizaciones político-administrativas especiales, gobernadas por sus propias autoridades a través de Consejos Indígenas, y les otorga competencias en salud, educación, planeación, entre otras áreas, de acuerdo con sus sistemas normativos y planes de vida. El decreto garantiza la autonomía de estos pueblos para definir su desarrollo, coordinarse con los niveles departamentales y administrar directamente los recursos de la Asignación Especial del Sistema General de Participaciones para Resguardos Indígenas (AESGPRI), bajo principios de equidad, inclusión y respeto a su diversidad cultural y territorial",presidencia de la República,Colombia,Decreto 632 de 2018,,#4CA22E,https://drive.google.com/file/d/1xfJqv7phhLTCjdPlj-gXVyNLJfjFm5-0/view?usp=drive_link
N-21,2018-11-26,Gobernabilidad y Autonomía,Jurisprudencia,Normatividad,Sentencia SU123/18,"El accionante, actuando en calidad de Gobernador del Cabildo Indígena Awá La Cabaña, aduce que las autoridades accionadas vulneraron sus derechos fundamentales, al iniciar y ampliar un proyecto de exploración y explotación de hidrocarburos en la vereda La Cabaña del Municipio de Puerto Asís sin haber concertado con la comunidad, a pesar de la afectación directa que genera en su modo de vivir por estar ubicada en inmediaciones del proyecto. Los jueces de instancia negaron el amparo invocado tras indicar de manera general que el pueblo indígena accionante se encuentra fuera del perímetro de la obra y que no demostró alguna afectación que tornara procedente la consulta previa. Se precisan y sistematizan criterios jurisprudenciales sobre los siguientes temas: 1º. La naturaleza y fundamento normativo del derecho fundamental a la consulta previa. 2º. Principios que orientan la realización de las consultas. 3º. La procedencia de la consulta previa y el concepto de afectación directa. 4º. Las afectaciones referidas a la intervención en los territorios indígenas. 5º. Afectación directa basada en perturbación al ambiente, a la salud o a la estructura social, espiritual, cultural o económica de la colectividad. 6º. Intensidad de la afectación, el principio de proporcionalidad y los niveles de consulta con los grupos étnicos. 7º. El deber estatal de respetar y garantizar el derecho fundamental a la consulta previa y el problema de los certificados de presencia de las comunidades étnicas. 8º. La debida diligencia de los particulares y en especial de las empresas frente al derecho a la consulta previa. 9º. La consulta previa en el tiempo, su operatividad y el deber de reparar con perspectiva étnica (etnoreparaciones). 10º. Las consecuencias de los acuerdos y desacuerdos en materia de consulta previa. 11º. La falta de consulta, el deber de reparar y las soluciones judiciales eficaces para proteger el derecho a la consulta previa en los proyectos extractivos. Se CONCEDE el amparo invocado y se imparten una serie de órdenes conducentes a hacer efectivo el goce de los derechos tutelados. . se exhorta al Gobierno Nacional y al Congreso de la República para que, con base en los lineamientos expuestos en la presente sentencia, adopten las medidas pertinentes para regular lo relacionado con los certificados de presencia y afectación de comunidades étnicas, que hagan efectivo el derecho a la consulta previa en los términos del Convenio 169 de la OIT y, realicen los ajustes para que la institución encargada de otorgar estos certificados cuente con la autonomía e independencia administrativa y financiera necesarias para ejercer adecuadamente su función.",Corte Constitucional,Colombia,Sentencia SU123-2018,,#4CA22E,https://drive.google.com/file/d/1fmoiI_uaBz6RyPVdv_SVoJ7KBOCptvv9/view?usp=drive_link
C-10,2019-03-29,Movilización,Minga Indígena,Revindicación,"Minga Nacional para la defensa de la Vida, los territorios y la Paz ","La Minga Nacional Indígena de 2019 logró avances significativos en el marco del diálogo entre la ONIC y el Gobierno Nacional, en defensa de la vida, el territorio y la paz. Uno de los principales logros fue la instalación de una mesa de concertación interinstitucional con la participación de más de 20 entidades del Estado, que abordó temas cruciales como la protección de los derechos humanos, la salud, la educación, el acceso a tierras, la justicia, la protección ambiental y el cumplimiento de acuerdos previos. Se acordó la inclusión de las propuestas de los pueblos indígenas en el Plan Nacional de Desarrollo 2018-2022, la formulación de planes específicos para los pueblos en riesgo de exterminio físico y cultural, el fortalecimiento del sistema de salud intercultural, la mejora en infraestructura educativa y la destinación de recursos con enfoque étnico. También se pactó un protocolo de garantías para la participación y movilización sin criminalización de los líderes indígenas . Estos acuerdos reafirmaron el compromiso del Estado con el respeto a la autonomía y los derechos colectivos de los pueblos indígenas de Colombia.",ONIC y Movimiento Indígena Colombiano ,Colombia ,Noticia de prensa ,,#EF4444,https://drive.google.com/file/d/1tAHUHmBg4J65SKI1-KKlbfUEXmOv9EO6/view?usp=drive_link
N-18 ,2020-09-30,Territorio y Ambiente,Norma,Normatividad,Ley 2056 de 2020,"La Ley 2056 de 2020 regula la organización y el funcionamiento del Sistema General de Regalías en Colombia, y establece mecanismos específicos para garantizar la participación efectiva de los pueblos y comunidades indígenas en la planeación, asignación y ejecución de estos recursos. Reconoce el derecho de los pueblos indígenas a recibir asignaciones directas para financiar proyectos orientados al bienestar colectivo, el fortalecimiento de su autonomía, la protección de sus territorios, el desarrollo de sus planes de vida y la preservación de su identidad cultural. Además, establece principios de consulta previa, concertación, enfoque diferencial y respeto por la diversidad étnica y cultural en la formulación y ejecución de los proyectos financiados con recursos del sistema.",presidencia de la República-Senado de la Republica ,Colombia ,Ley 2056 de 2020,,#4CA22E,https://drive.google.com/file/d/1gh_Yxqq2QO7K-4_Nl1QuVH5-j46PDkMa/view?usp=drive_link
N-19 ,2020-02-21,Gobernabilidad y Autonomía,Norma,Normatividad,Decreto 252 de 2020,"Establece que las organizaciones conformadas exclusivamente por cabildos, resguardos, asociaciones de cabildos o autoridades indígenas propias pueden celebrar contratos o convenios de manera directa con entidades estatales, reconociendo su saber ancestral como aporte válido en dichos convenios. ",Presidencia de la República ,Colombia ,Decreto 252 de 2020,,#004F9E,https://drive.google.com/file/d/15akK5KGrTSVbyI8U1roxEIhKwZsPvh-l/view?usp=drive_link
N-20,2021-11-25,Gobernabilidad y Autonomía,Norma,Normatividad,Ley 2160 de 2021,"Reconoce a los cabildos indígenas y asociaciones de autoridades tradicionales indígenas como entidades con capacidad legal para contratar directamente con el Estado, especialmente cuando los contratos estén relacionados con el fortalecimiento del gobierno propio, la autonomía, la identidad cultural y los derechos colectivos. Además, establece mecanismos diferenciales y preferenciales de contratación directa, respetando la normatividad vigente y promoviendo la participación efectiva de estas comunidades en la ejecución de recursos públicos en sus territorios.",presidencia de la República-Senado de la Republica ,Colombia ,Ley 2160 de 2021,,#004F9E,https://drive.google.com/file/d/1RQlpSU4Gld-5kn6RcmtcHcL293dKGM_W/view?usp=drive_link
N-22,2022-01-01,Territorio y Ambiente,Jurisprudencia,Normatividad,Sentencia Corte IDH (Caso Pueblo U’wa vs. Colombia),"La Corte IDH determinó la responsabilidad internacional de Colombia por violaciones a los derechos del pueblo indígena U’wa, al permitir por décadas actividades extractivas y proyectos en su territorio sin consulta adecuada.",Corte Interamericana de Derechos Humanos,Global,"Sentencia Corte IDH, Caso 11.754",C-5;C-12;C-30,#4CA22E,https://drive.google.com/file/d/1G4gO_B91X5oHkcb0TDJ9PCJtsoxVsz0r/view?usp=drive_link
N-30,2023-04-20,Territorio y Ambiente,Jurisprudencia,Normatividad,Sentencia Corte Constitucional -C-054/23,"Demanda de inconstitucionalidad contra los artículos 6º y 151 de la Ley 2200 de 2022, por la cual se dictan normas tendientes a modernizar la organización y el funcionamiento de los departamentos. Los demandantes consideran que las normas cuestionadas, en su integralidad, infringen los artículos 1º, 7º, 40 y 330 de la Constitución, así como el artículo 6º del Convenio 169 de la Organización Internacional del Trabajo (OIT), por omitir la realización de la consulta previa, libre e informada de las comunidades indígenas como requisito para su trámite legislativo, cuando ello compromete la autonomía territorial, la libre determinación y la diversidad étnica y cultural de la Nación. La Corte determinó, por unanimidad, la existencia de una afectación directa sobre las comunidades indígenas, toda vez que las normas expedidas, aun cuando tuvieran una vocación de generalidad como es convertir en municipios las áreas no municipalizadas, terminan por definir reglas que omiten que en dichas áreas pueda haber presencia de territorios indígenas. De igual manera sostuvo que, la afectación directa no se soluciona con el hecho de realizar la consulta posterior, porque en este escenario no se trataría de un proceso de consulta previa, sino de una mera notificación de algo que ha sido decidido, lo cual es contrario a los criterios requeridos para la aplicación de la figura. Se declaran INEXEQUIBLES los artículos cuestionados y se exhorta al l Gobierno Nacional y al Congreso de la República a que, en el menor tiempo posible, en orden a sus competencias, impulsen, tramiten y expidan la ley orgánica para la conformación de las entidades territoriales indígenas, en los términos de la Constitución, la cual debe ser previamente consultada.",Corte Constitucional C-054/23,Colombia ,Sentencia C-054/23,,#4CA22E,https://drive.google.com/file/d/1Dkfy4qrVrK0g2ZHf_R-uVEztz0A2aXBY/view?usp=drive_link
N-31,2023-05-19,Gobernabilidad y Autonomía,Acuerdo Político,Normatividad,Ley 2294 del 2023 (Plan Nacional de Desarrollo 2022-20206,"Entre los principales compromisos alcanzados se encuentran el respeto y fortalecimiento del derecho fundamental a la consulta previa, la garantía de participación directa de las autoridades indígenas representativas, el reconocimiento del carácter colectivo de sus derechos, y la inclusión de los sistemas propios de los pueblos indígenas en los procesos de planeación, formulación y ejecución de políticas públicas. Estos acuerdos reflejan un avance en el reconocimiento de la autonomía, la autodeterminación y la gobernanza propia de los pueblos indígenas dentro del marco institucional del Estado colombiano.",Ley 2294 del 2023 (“Por el cual se expide el plan nacional de desarrollo 2022- 2026 “Colombia potencia mundial de la vida”),Colombia ,Ley 2294 de 2023,,#004F9E,https://drive.google.com/file/d/1_IsOqwDLAMdYs-zoatR1HFe4QewlmKlF/view?usp=drive_link
N-23,2024-01-11,Territorio y Ambiente,Acuerdo Internacional ,Acuerdo Internacional ,La 16ª Conferencia de las Partes de la Convención sobre la Diversidad Biológica de las Naciones Unidas (COP16),"Durante la COP16 en Colombia, la ONIC y el movimiento indígena lograron avances fundamentales con la creación del Órgano Subsidiario para el artículo 8J, que fortalecerá la participación directa de los pueblos indígenas en decisiones sobre biodiversidad, reconociendo y valorando sus saberes tradicionales. Además, se estableció el Fondo de Cali, un mecanismo internacional que busca garantizar una distribución equitativa de los beneficios del uso de información genética, beneficiando especialmente a comunidades en territorios biodiversos. Estos logros consolidan su papel en la conservación ambiental y promueven una justicia basada en la equidad y el respeto cultural.","ONIC, Ministerio de Ambiente,Naciones Unidas",Global,Naciones Unidas,,#4CA22E,
N-26,2025-04-30,Salud y Medicina Tradicional,Norma,Normatividad,Decreto 0480 de 2025 (Sistema Indígena de Salud - SISPI),"Establece e implementa el Sistema Indígena de Salud Propia e Intercultural (SISPI) como política de Estado, reconociendo la medicina tradicional y la autonomía de los pueblos indígenas en la gestión de la salud.",Presidencia de la República,Colombia,Decreto 0480 de 2025,C-32;M-9;M-19,#244445,https://drive.google.com/file/d/1fHAXjaNzJJ2Vyxzh-yjmzVy5zuISBIqC/view?usp=drive_link
N-27,2025-04-30,Educación y Conocimiento Indígena,Norma,Normatividad,Decreto 0481 de 2025 (Sistema Educativo Indígena Propio - SEIP),"Reconoce y establece el Sistema Educativo Indígena Propio (SEIP) como política de Estado, garantizando la autonomía educativa de los pueblos indígenas.",Presidencia de la República,Colombia,Decreto 0481 de 2025,M-25;M-9b;M-19b,#B59C56,https://drive.google.com/file/d/13tbGVPVLDKXAb_ZjjFs7ukRv0KLosNoR/view?usp=drive_link
N-28,2025-03-15,Territorio y Ambiente,Norma,Gobernanza Territorial,Decreto 0462 de 2025 (Catastro Multipropósito),"Ordena que la actualización catastral del país incorpore los territorios y las territorialidades indígenas, respetando sus formas de gobierno y usos. Busca mejorar la seguridad jurídica de la propiedad colectiva para la planificación autónoma y protección.","Gobierno de Colombia, DANE, IGAC",Colombia,Decreto 0462 de 2025,F-2;N-2,#4CA22E,https://drive.google.com/file/d/1A6vzTtMUAlCazoG4AFiiaxIG2m2QV7lL/view?usp=drive_link
N-29,2024-05-20,Gobernabilidad y Autonomía,Norma,Autonomía Estadística y Financiera,Decreto 724 de 2024 (Reconocimiento de Datos Propios),"Permite que el DANE utilice autocensos y censos propios de las autoridades indígenas para certificar la población, asegurando una distribución más justa de recursos para salud y educación y fortaleciendo la autogestión financiera.","DANE, Autoridades Indígenas, Ministerio de Hacienda",Colombia,Decreto 724 de 2024,F-3;F-4;F-8,#004F9E,https://drive.google.com/file/d/1vgisduCvwu3aBjTqJ_1fGWr2Jr3TKdzI/view?usp=drive_link
N-30,2024-10-15,Territorio y Ambiente,Norma,Gobernanza Territorial,Decreto 1275 del 2024 (Autoridad Ambiental Indígena) ,La presente norma tiene por objeto establecer medidas requeridas para el funcionamiento de los territorios indígenas en materia ambiental y el desarrollo de las competencias ambientales de las autoridades indígenas y su coordinación efectiva con las demás autoridades y/o entidades.,Ministerio de Ambiente-Ministerio del Interior ,Colombia,Decreto 1275 de 2024,,#004F9E,https://drive.google.com/file/d/10lo7M6mZ_uIiB7H-886oodvRclo5wXch/view?usp=drive_link
F-1,2025-10-15,Territorio y Ambiente,Mandato ONIC,Gobernanza Territorial,Reto Futuro: Exigir retiro de empresas en territorios,"Mandato constante de la ONIC para exigir el retiro de empresas que atenten contra los territorios, aplicando la objeción cultural y la movilización como herramientas de resistencia.","ONIC, Comunidades Locales",Colombia,Organización Nacional Indígena de Colombia. (2012). Mandatos del VIII Congreso Nacional.,M-2;M-7,#4CA22E,
F-2,2026-01-15,Territorio y Ambiente,Mandato ONIC,Gobernanza Territorial,Reto Futuro: Saneamiento y Seguridad Jurídica Territorial,"Impulsar la constitución, ampliación y saneamiento de los resguardos y territorios indígenas, como mandato histórico para garantizar la pervivencia.","ONIC, Agencia Nacional de Tierras",Colombia,Organización Nacional Indígena de Colombia. (2007). Mandatos del VII Congreso Nacional.,M-1;M-7,#4CA22E,
F-3,2026-02-15,Salud y Medicina Tradicional,Mandato ONIC,Salud Propia,Reto Futuro: Implementación real del SISPI,"Implementar el Sistema Indígena de Salud Propia e Intercultural, basado en la sabiduría ancestral y administrado con autonomía, superando los vacíos de financiación.","ONIC, Ministerio de Salud",Colombia,Organización Nacional Indígena de Colombia. (2012). Mandatos del VIII Congreso Nacional.,M-4;M-10,#244445,
F-4,2026-03-15,Educación y Conocimiento Indígena,Mandato ONIC,Educación Propia,Reto Futuro: Implementación real del SEIP,"Implementar el Sistema Educativo Indígena Propio como política pública, basado en la 'Dignidad Educativa' y la revitalización cultural, asegurando su financiación y régimen laboral.","ONIC, Ministerio de Educación",Colombia,Organización Nacional Indígena de Colombia. (2012). Mandatos del VIII Congreso Nacional.,M-3;M-11,#B59C56,
F-5,2026-04-15,Gobernabilidad y Autonomía,Mandato ONIC,Justicia Propia,Reto Futuro: Fortalecimiento de la Justicia Propia (JEI),Consolidar los sistemas de justicia propia y coordinar su funcionamiento con la jurisdicción ordinaria y la Jurisdicción Especial para la Paz (JEP).,"ONIC, JEP, Altas Cortes",Colombia,Organización Nacional Indígena de Colombia. (2019). Ley de Gobierno Propio.,M-6,#004F9E,
F-6,2026-05-15,Derechos Humanos y Paz,Mandato ONIC,Mujer y Generaciones,Reto Futuro: Erradicar la Violencia Basada en Género,"Crear y aplicar rutas de atención y sanción dentro de la justicia propia para erradicar la violencia contra mujeres, niñas y niños en los territorios.","ONIC, Consejería de Mujer",Colombia,Organización Nacional Indígena de Colombia. (2019). Ley de Gobierno Propio.,M-5,#E7333F,
F-7,2025-11-15,Territorio y Ambiente,Mandato ONIC,Gobernanza Ambiental,Reto Futuro: Gobernanza Ambiental y Emergencia Climática,"Asumir el rol de autoridades ambientales, exigir una moratoria a la explotación de combustibles fósiles y promover un modelo de manejo territorial propio ante la crisis climática.","ONIC, Ministerio de Ambiente",Colombia,Organización Nacional Indígena de Colombia. (2021). Mandatos del X Congreso Nacional.,M-1;M-2,#4CA22E,
F-8,2027-01-15,Gobernabilidad y Autonomía,Mandato ONIC,Economía Propia,Reto Futuro: Consolidación de un Modelo Económico Propio,"Desarrollar sistemas de economía propia, consolidar el Banco Indígena y la marca Semilla Nativa para lograr la autosostenibilidad y la soberanía alimentaria.","ONIC, Comunidades productoras",Colombia,Organización Nacional Indígena de Colombia. (2019). Ley de Gobierno Propio.,,#004F9E,
F-9,2026-06-15,Territorio y Ambiente,Vacío Normativo,Gobernanza Ambiental,Vacío Futuro: Ausencia de normativa para la Objeción Cultural,"A pesar de ser un logro normativo del Estado, no hay reglamentación para la Objeción Cultural. El mandato de la ONIC de frenar proyectos tiene una herramienta que no puede usar.","Ministerio del Interior, ONIC",Colombia,Documento de Análisis Normativo.,,#4CA22E,
F-10,2026-07-01,Salud y Medicina Tradicional,Vacío Normativo,Salud Propia,Vacío Futuro: Falta de reglamentación financiera del SISPI,"El mandato de la ONIC por un SISPI funcional está detenido porque el Ministerio de Salud no ha expedido la resolución de costos, impidiendo su financiación real.","Ministerio de Salud, ONIC",Colombia,Documento de Análisis Normativo.,,#244445,
F-11,2026-07-15,Educación y Conocimiento Indígena,Vacío Normativo,Educación Propia,Vacío Futuro: Falta de reglamentación financiera y laboral del SEIP,El mandato de la ONIC por un SEIP funcional está bloqueado por la falta de normas sobre transferencias de recursos y sobre el régimen laboral de sus educadores.,"Ministerio de Educación, ONIC",Colombia,Documento de Análisis Normativo.,,#B59C56,
M-VII,2007-12-15,Mandato ONIC,Mandatos VII Congreso,Gobierno Propio,Mandato del VII Congreso: Transformación a Autoridad de Gobierno,"Decisión histórica de transformar la ONIC en Autoridad Nacional de Gobierno Indígena, rompiendo con el modelo de ONG para adoptar una estructura de gobierno propio con autonomía jurídica, política y administrativa.","ONIC, Pueblos Indígenas de Colombia",Nacional,ONIC. (2007). Mandato General del VII Congreso de los Pueblos Indígenas.,M-VIII,#004F7E,
M-VIII,2012-10-12,Mandato ONIC,Mandatos VIII Congreso,Paz y Derechos,Mandato del VIII Congreso: Propuesta de Paz y Sistemas Propios,"Consagra la 'Propuesta de Paz de los Pueblos Indígenas', exigiendo participación directa en las negociaciones de paz de La Habana. Además, desarrolla conceptualmente los Sistemas Propios de Salud (SISPI) y Educación (SEIP).","ONIC, Pueblos Indígenas de Colombia",Nacional,ONIC. (2012). Mandato Político General del VIII Congreso Nacional.,M-VII;M-13,#004F7E,
M-IX,2016-10-14,Mandato ONIC,Mandatos IX Congreso,Gobierno Propio,Mandato del IX Congreso: Codificación de la Ley de Gobierno Propio,"Ordena la elaboración y consolidación de una Ley de Gobierno Propio escrita para formalizar la estructura, normas internas y funcionamiento de la ONIC como Autoridad Nacional, preparando a la organización para el escenario del posacuerdo.","ONIC, Pueblos Indígenas de Colombia",Nacional,ONIC. (2016). Mandatos del IX Congreso Nacional de Pueblos Indígenas.,M-14,#004F7E,
M-X,2021-10-15,Mandato ONIC,Mandatos X Congreso,Gobernanza Ambiental,Mandato del X Congreso: Declaratoria de Emergencia Climática,"Introduce formalmente el discurso de Justicia Climática. La ONIC se declara en crisis climática, exige una moratoria a la explotación de combustibles fósiles y se posiciona como autoridad ambiental indígena en los territorios.","ONIC, Pueblos Indígenas de Colombia",Nacional,ONIC. (2021). Mandatos del X Congreso Nacional.,M-2;M-7,#004F7E,
"N-27,",2025-05-05,Gobernabilidad y Autonomía,Norma,Normatividad,Decreto 0488 de 2025 (Funcionamiento de Territorios Indígenas),"Dicta normas fiscales y de funcionamiento para los Territorios Indígenas, permitiendo su constitución como Entidades Territoriales (ETI) con autonomía política y fiscal.[1] Otorga a los gobiernos propios la facultad de administrar recursos, planificar su desarrollo y ejercer la 'objeción cultural' como un veto sobre proyectos que afecten gravemente sus territorios.[1]",Presidencia de la República,Colombia,Decreto 0488 de 2025,N-2; N-16; N-20,#004F9E,https://drive.google.com/file/d/1RNmwmt7qn9XIFrBv2FfuK8iUON5vSRvA/view?usp=drive_link
C-11,2023-02-28,Gobernabilidad y Autonomía,Norma,Normatividad,Derecho Mayor / Ley de Origen,"Libro Madre: Leyes de Origen de los Pueblos Indígenas de Colombia"",""Documento de la ONIC que sistematiza y presenta las Leyes de Origen de diversos pueblos. Representa la codificación del Derecho Mayor, la ley fundamental que rige la vida, el territorio y la espiritualidad, sirviendo como base para el ejercicio del gobierno propio.",Sistema de Monitoreo Territorial (SMT),Colombia,ONIC (2023). Leyes de Origen de los Pueblos Indígenas de Colombia.,N-1; M-1; M-2,#9C27B0,
LGP001,2019-06-01,Gobernabilidad y Autonomía,Norma,Normatividad,Ley de Gobierno Propio,"La Ley de Gobierno Propio, aprobada por la Asamblea Nacional de Autoridades Indígenas de la ONIC el 18 de noviembre de 2019, es el estatuto fundamental que rige a la organización, ratificándola como una Autoridad Nacional de Gobierno Indígena. Este documento, que reemplaza la ley anterior de 2009 y los estatutos previos , es el resultado de un proceso de reestructuración que busca ""Volver al Origen"" , reafirmando los principios de Unidad, Territorio, Cultura y Autonomía. Se estructura en dos grandes títulos: ""Lo Propio"", que define la identidad, misión, visión, plataforma de lucha y valores de la organización , y ""Lo Intercultural"", que establece la estructura orgánica, los órganos de gobierno, el régimen de participación, y las formas de relacionamiento con el Estado y otros sectores de la sociedad. En esencia, la ley busca fortalecer la autonomía, la gobernabilidad interna y la capacidad de la ONIC para defender los derechos de los Pueblos y Naciones Indígenas frente a los desafíos contemporáneos.",ONIC,Colombia,ONIC (2017). lLey de Gobierno Propio,N-1; M-1; M-2,#9C27B0,https://drive.google.com/file/d/13Ah5Hbuqf61v5z2LGqxHdEG3wJX295DL/view?usp=drive_link